{"best_mean_reward": 754.635, "last_mean_reward": 749.0071, "last_test": 0, "num_episodes": 55, "ep_info_buf": [{"r": 703.115, "l": 895, "t": 1003.052199, "rise_time": {"roll": 12, "pitch": 2}, "settling_time": {"roll": 73, "pitch": 68, "all": 73}, "overshoot": {"roll": 2.2338879078574148, "pitch": 2.459485208258065}, "total_error": {"roll": 108.22078142076114, "pitch": 38.102541328759045}, "avg_error": {"roll": 0.011266388974802016, "pitch": 0.01607747959988412}, "control_variation": {"all": 4.318402602510995}, "success": {"roll": true, "pitch": true, "all": true}, "success_time_frac": {"roll": 0.6361607142857143, "pitch": 0.8046875, "all": 0.5770089285714286}, "end_error": {"roll": 0.06285348613156364, "pitch": 0.02987693757554669}, "gain": {"roll": 7.066918461887237, "pitch": 22.01098810102751}, "reward": {"success_success": 0.0, "success_step": 0.0, "goal_goal_per_state": 0.5, "roll_state_dot": 0.167, "pitch_state_dot": 0.167}}, {"r": 663.536, "l": 895, "t": 1026.09481, "rise_time": {"roll": 44, "pitch": 5}, "settling_time": {"roll": 251, "pitch": 115, "all": 461}, "overshoot": {"roll": 1.0435070141980411, "pitch": 1.9885998028284757}, "total_error": {"roll": 180.28146016923094, "pitch": 60.63461623382156}, "avg_error": {"roll": 0.027068586658123697, "pitch": 0.05418705890083545}, "control_variation": {"all": 5.618039163636676}, "success": {"roll": true, "pitch": true, "all": true}, "success_time_frac": {"roll": 0.5613839285714286, "pitch": 0.6930803571428571, "all": 0.4765625}, "end_error": {"roll": 0.02750618332934267, "pitch": 0.004656865561025626}, "gain": {"roll": 3.208227675736297, "pitch": 13.267180221360404}, "reward": {"success_success": 0.0, "success_step": 0.0, "goal_goal_per_state": 1.0, "roll_state_dot": 0.167, "pitch_state_dot": 0.0}}, {"r": 653.796, "l": 895, "t": 1049.246186, "rise_time": {"roll": 11, "pitch": 6}, "settling_time": {"roll": 94, "pitch": 102, "all": 102}, "overshoot": {"roll": 9.382811635596985, "pitch": 1.5204578335756724}, "total_error": {"roll": 119.7406585162995, "pitch": 59.67631624205089}, "avg_error": {"roll": 0.10292136238258162, "pitch": 0.023021626624115624}, "control_variation": {"all": 5.238109908909133}, "success": {"roll": true, "pitch": true, "all": true}, "success_time_frac": {"roll": 0.6082589285714286, "pitch": 0.7064732142857143, "all": 0.49888392857142855}, "end_error": {"roll": 0.09509892396686023, "pitch": 0.026104360489580286}, "gain": {"roll": 11.447192283504164, "pitch": 18.084852943035695}, "reward": {"success_success": 0.0, "success_step": 0.0, "goal_goal_per_state": 0.5, "roll_state_dot": 0.0, "pitch_state_dot": 0.167}}, {"r": 757.326, "l": 895, "t": 1072.668136, "rise_time": {"roll": 52, "pitch": 23}, "settling_time": {"roll": 105, "pitch": 365, "all": 365}, "overshoot": {"roll": 0.46760153113686914, "pitch": 6.043060775170483}, "total_error": {"roll": 72.17832540922954, "pitch": 38.59000218134795}, "avg_error": {"roll": 0.03877867050817038, "pitch": 0.6300478126096162}, "control_variation": {"all": 4.142182412654157}, "success": {"roll": true, "pitch": true, "all": true}, "success_time_frac": {"roll": 0.7857142857142857, "pitch": 0.7276785714285714, "all": 0.6618303571428571}, "end_error": {"roll": 0.011593091576454313, "pitch": 0.021134810236326063}, "gain": {"roll": 18.98403042039617, "pitch": 22.3021270270466}, "reward": {"success_success": 0.0, "success_step": 0.0, "goal_goal_per_state": 1.0, "roll_state_dot": 0.167, "pitch_state_dot": 0.0}}, {"r": 859.161, "l": 895, "t": 1094.471214, "rise_time": {"roll": 20, "pitch": 27}, "settling_time": {"roll": 70, "pitch": 101, "all": 101}, "overshoot": {"roll": 0.7258923433953257, "pitch": 0.6568876123531695}, "total_error": {"roll": 40.779052438905474, "pitch": 24.73855500136528}, "avg_error": {"roll": 0.018857232767829104, "pitch": 0.0125372283773444}, "control_variation": {"all": 4.436939955974925}, "success": {"roll": true, "pitch": true, "all": true}, "success_time_frac": {"roll": 0.859375, "pitch": 0.8783482142857143, "all": 0.796875}, "end_error": {"roll": 0.0480959196247144, "pitch": 0.0009171864010798759}, "gain": {"roll": 7.887885364140146, "pitch": 37.181915674473835}, "reward": {"success_success": 0.0, "success_step": 0.0, "goal_goal_per_state": 1.0, "roll_state_dot": 0.0, "pitch_state_dot": 0.167}}, {"r": 699.455, "l": 895, "t": 1117.45517, "rise_time": {"roll": 5, "pitch": 22}, "settling_time": {"roll": 94, "pitch": 83, "all": 94}, "overshoot": {"roll": 3.9114341581290866, "pitch": 3.213688999832601}, "total_error": {"roll": 218.5277884402683, "pitch": 37.49145507297162}, "avg_error": {"roll": 0.0989914693066006, "pitch": 0.10986079003561133}, "control_variation": {"all": 5.396210525843132}, "success": {"roll": true, "pitch": true, "all": true}, "success_time_frac": {"roll": 0.6071428571428571, "pitch": 0.8180803571428571, "all": 0.5703125}, "end_error": {"roll": 0.03278940533111927, "pitch": 0.0010718970528031725}, "gain": {"roll": 6.489623557803541, "pitch": 29.262906027194106}, "reward": {"success_success": 0.0, "success_step": 0.0, "goal_goal_per_state": 1.0, "roll_state_dot": 0.167, "pitch_state_dot": 0.167}}, {"r": 713.305, "l": 895, "t": 1141.383934, "rise_time": {"roll": 40, "pitch": 5}, "settling_time": {"roll": 104, "pitch": 113, "all": 113}, "overshoot": {"roll": 0.9749969390881322, "pitch": 1.412674603472646}, "total_error": {"roll": 94.39144464302885, "pitch": 58.82420623505635}, "avg_error": {"roll": 0.05545533873366214, "pitch": 0.012338930404246634}, "control_variation": {"all": 4.039503404258575}, "success": {"roll": true, "pitch": true, "all": true}, "success_time_frac": {"roll": 0.7857142857142857, "pitch": 0.6517857142857143, "all": 0.5770089285714286}, "end_error": {"roll": 0.0003192096167399594, "pitch": 0.0013837496192752085}, "gain": {"roll": 13.792659918220764, "pitch": 11.267268457138062}, "reward": {"success_success": 0.0, "success_step": 0.0, "goal_goal_per_state": 1.0, "roll_state_dot": 0.167, "pitch_state_dot": 0.0}}, {"r": 789.525, "l": 895, "t": 1164.727369, "rise_time": {"roll": 14, "pitch": 6}, "settling_time": {"roll": 67, "pitch": 111, "all": 116}, "overshoot": {"roll": 4.526892872544472, "pitch": 1.4878020257683646}, "total_error": {"roll": 124.21385856040393, "pitch": 31.78136922254851}, "avg_error": {"roll": 0.04630643324620862, "pitch": 0.02776576961870382}, "control_variation": {"all": 5.482154757680393}, "success": {"roll": true, "pitch": true, "all": true}, "success_time_frac": {"roll": 0.7488839285714286, "pitch": 0.7991071428571429, "all": 0.6361607142857143}, "end_error": {"roll": 0.0031035313222399453, "pitch": 0.004561975210771609}, "gain": {"roll": 12.523159336403708, "pitch": 18.38411534026872}, "reward": {"success_success": 0.0, "success_step": 0.0, "goal_goal_per_state": 1.0, "roll_state_dot": 0.0, "pitch_state_dot": 0.167}}, {"r": 822.516, "l": 895, "t": 1187.61219, "rise_time": {"roll": 10, "pitch": 8}, "settling_time": {"roll": 59, "pitch": 72, "all": 72}, "overshoot": {"roll": 2.4935344051225803, "pitch": 1.2523219337454456}, "total_error": {"roll": 53.41169414181584, "pitch": 42.507479491749606}, "avg_error": {"roll": 0.014013007594925039, "pitch": 0.008353528932748683}, "control_variation": {"all": 4.63546485057435}, "success": {"roll": true, "pitch": true, "all": true}, "success_time_frac": {"roll": 0.8337053571428571, "pitch": 0.7979910714285714, "all": 0.7377232142857143}, "end_error": {"roll": 0.014423727114781997, "pitch": 0.0004936019746536159}, "gain": {"roll": 8.02038439707557, "pitch": 12.68507670901786}, "reward": {"success_success": 0.0, "success_step": 0.0, "goal_goal_per_state": 1.0, "roll_state_dot": 0.167, "pitch_state_dot": 0.167}}, {"r": 828.336, "l": 895, "t": 1211.865243, "rise_time": {"roll": 13, "pitch": 14}, "settling_time": {"roll": 67, "pitch": 53, "all": 69}, "overshoot": {"roll": 5.836609327531595, "pitch": 6.550496881060068}, "total_error": {"roll": 49.46944699743246, "pitch": 38.421788278552654}, "avg_error": {"roll": 0.08020189201504734,